{
	"varNames" : ["moveDistance", "BlockBreakEvent", "BlockPlaceEvent", "sprintDuration", "PlayerExpChangeEvent", "InventoryCloseEvent", "FoodLevelChangeEvent", "PlayerVelocityEvent", "sneakDuration", "PlayerInteractEntityEvent", "PlayerItemConsumeEvent", "PlayerDropItemEvent", "FurnaceExtractEvent", "PlayerEggThrowEvent", "PlayerBucketEmptyEvent", "AsyncPlayerChatEvent", "PlayerItemBreakEvent", "PlayerDeathEvent", "EntityShootBowEvent", "SignChangeEvent", "BlockMultiPlaceEvent", "EntityCombustByEntityEvent", "PlayerBedEnterEvent", "EntityDamageByPlayerEvent", "PlayerDamageByEntityEvent", "PlayerRegainHealthEvent", "PlayerDamageEvent", "PlayerDamageByBlockEvent", "PlayerDamageByPlayerEvent"],
	"scale" : [1.15856832737844, 0.281568946706251, 0.170624983781747, 1.12668227535603, 0.0667136843310416, 0.0314499594324336, 0.0215721848169799, 0.0248419488640349, 12.4320410372644, 0.0684446835123733, 0.00696918497068879, 0.0120166240201295, 0.0107458624776518, 0.0295038618902508, 0.00663493539281659, 0.00409790455863466, 0.00225034169316888, 0.00385182856578154, 0.00460277401975476, 0.00231111049858049, 0.00174616623687635, 0.00286489881285023, 0.00102921040708603, 0.157536719374493, 0.114489707329569, 0.0265891305800331, 0.0499575653339776, 0.0530045880509191, 0.0212822883128968],
	"center" : [1.6222648315386, 0.190378787878788, 0.0910583103764921, 0.0674309519377549, 0.0311792164064891, 0.0256894704621978, 0.0145630547903275, 0.00866467707376799, 0.157192805319304, 0.00742806856443221, 0.00287725742271198, 0.00205922865013774, 0.00197964493419039, 0.0011026936026936, 0.000925160697887971, 0.000773645546372821, 0.000618304254667889, 0.000404040404040409, 0.000415518824609734, 0.000232629323538416, 0.000157636975818795, 0.000179063360881543, 0.000110192837465565, 0.0540893786348332, 0.0229063360881543, 0.010752984389348, 0.00527777777777779, 0.00183501683501684, 0.00110345883073156],
	"classes" : {
		"b" : [-0.223016969797274, -0.10826337766404, 0.578978660118778, -0.0458946835493499, -0.36136326153122, 0.208440360485821, -0.244905020149261, -0.233702974197375, -0.00956502860452657, -0.019150314630393, -0.039849777897048, -0.0252717859208304, 0.0498393252843705, -0.0233392374041932, 0.0723408187660366, -0.107622070480446, 0.0303186068578002, -0.0911770415780945, -0.101826301747886, 0.151642282227797, 0.153064843176041, -0.0757571441126904, 0.179031985434044, -0.269911889494359, -0.172709368298227, -0.263256840064457, -0.0853411952779592, -0.0419624396531413, 0.0722376074072969],
		"m" : [-0.250194091856426, 0.682851076746798, -0.102144179498944, -0.0272079416318296, 0.49393846390347, -0.261499240933279, -0.0809310488663478, -0.114736137704395, -0.00688588036731498, -0.0743768890727723, -0.049390282520183, -0.0946913396849783, -0.0890890097369059, -0.0279599925454153, 0.0426885494625347, -0.0912225873621012, 0.191472365710418, -0.0231177961080517, -0.0412838705476946, -0.0559806301541249, -0.00864570554741679, -0.0428788500684706, -0.0436556570773106, -0.118957510261268, -0.0621469026250636, -0.161927801023155, 0.00193493579260748, 0.0243129618792759, -0.0366417551504967],
		"f" : [0.188679557828459, -0.169752719327624, -0.10622220800237, 0.0201789467625049, 0.151178493907442, -0.00994138840741405, 0.335348169827312, 0.3877326158748, -0.00307102128101242, -0.0240812099367834, 0.240544705203304, -0.0315989478870441, -0.0155101509564914, -0.0118385798142377, -0.0393990237672669, 0.0127910244607183, 0.0125735359215357, 0.110605036390147, 0.22469807048989, -0.0284399025171595, -0.0257049764364409, 0.0770124587548612, -0.030395117495926, 0.520967003116732, 0.351471762148351, 0.320298263912985, 0.0868604742709261, -0.0097127360920861, -0.0149843390626843],
		"e" : [0.692134591087204, -0.25233042494724, -0.214861459324296, 0.0155717949318902, -0.0671002190473022, -0.312009222512825, 0.385701911999718, 0.00151379129605234, -0.00958561643879443, -0.0598462555463913, 0.21717250319043, -0.04859315902985, -0.0826689970189518, -0.0329421693528285, -0.0888992090064767, -0.0982440080186718, -0.148303728088288, -0.0564152531078861, 0.13235629869568, -0.0582216357920858, -0.0755428204960846, 0.0315880223367474, -0.0893263960241177, 0.0943757966458384, 0.0137667375199695, 0.0934866456710689, -0.0312948418124539, 0.00739776565296947, -0.0440365794095845],
		"i" : [-0.985250641432125, -0.115622812765256, -0.055302474023971, -0.040952862539738, -0.018936083903581, -0.015601994667496, -0.008844584924998, -0.005262321218315, -0.095467958904387, -0.004511291359727, -0.001747445710577, -0.001250632023182, -0.001202298418421, -0.000669699273655, -0.000561878155342, -0.000469858407817, -0.000375514929294, -0.000245385993400, -0.000252357186395, -0.000141282844685, -0.000095737717122, -0.000108750610711, -0.000066923452746, -0.032850120374052, -0.013911712739473, -0.006530613597083, -0.003205354538790, -0.001114461386693, -0.000670164019854]
	}
}